 ,ITEM,KATEGORI BAHAN,,UNIT SO (),UNIT GUDANG,BERDASARKAN SATUAN SO [12/08/2026],,,,,,,,,,,,,,,,,,,,,,,,,,,,,,,,,,,,,,,,,,,,,,,,TOTAL,DIVISI,KETERANGAN,MINIMUM STOCK,ISTILAH DATA RESEP,,
,,,,,,13,13,14,20,,21,,22,,23,,24,,25,,26,,27,,28,,29,,30,,31,,1,,,2,,3,,4,,5,,6,,7,,8,,9,,10,,,,,,,,
,,,,,,SO,in,out,in,out,in,out,in,out,in,out,in,out,,out,in,out,in,out,in ,out,in,out,in,out,in,out,SO ,in,out,in,out,in,out,in,out,in,out,in,out,in,out,in,out,in,out,in,out,,,,,,,
1,MSG Ajinomoto 1 kg ,KERING,,gr,kg,9000,,,,,,,,,,,,,,,,,,,,1,,,,,,,5,,,,,,1,,,,,,,,,,,,,,,9000,KITCHEN,1 pack = 1000 gram,1000,,,Tolong cek apakah ada bahan baku yang ada di sini tapi tidak ada di sheet Crosscek Redundant
2,MSG Ajinomoto 250 gr ,,,gr,,500,,,,,,,,,,,,,,,,,,,,,,,,,,,2,,,,,,,,,,,,,,,,,,,,,500,,,,,,Sedikit perlu pemahaman istilah bahan baku
3,Aluminium Foil 30x5cm ,,,,,10,,,,,,,,,,,,,,,,,,,,,,,,,,,,,,,,,,,,,,,,,,,,,,,,10,,,,,,Kalau ada yang ada tapi istilah beda tolong tandai di sini warna ungu
4,Alumunium Foil Besar 140 gr,,,,roll,48,,,,,,,,,,,,,,,,,,,,,,,,,,,,,,,,,2,,,,,,,,,,,,,,,48,,,,,,Tuliskan nama istilah lain di kolom Istilah lain
5,Parmesan Anchor 1 kg,,,gr,kg,1000,,,,,4000,,,,,,,,,,,,,,,,,,,,,2,3,,,,,,,,,,,,,,,,,,,,,5000,KITCHEN,,,,,
6,Arabica Bean,KERING,,gr,kg,,,,,,,,,,,,,,,,,,,,,2,,,,,,,,,,,,,8,,,,,,,,,,,,,,,0,BAR,1 pack = 1000 gr,2000,Ground Coffee Arabica,,Bila case terjadi keduanya maka tandai pakai warna Oren
7,Ayam Fillet Dada,BASAH,,,kg,,,,,,,,,,,,,,,,,,,,,,,,,,,10,,,,,,,2,,,,,,,,,,,,,,,0,,,,,,
8,Baking paper,,,pcs,roll,200,,,,,,,,,,,,4,,,,,,,,,,,,,,,6,,,,,,,,,,,,,,,,,,,,,200,,,,,,
9,Baking Powder Ny. Liem,,,gr,pack,600,,,,,,,,,,,,,,,,,,,,,,,,,,,4,,,,,,,,,,,,,,,,,,,,,600,,150gr,,,,
10,Baking Powder Cap Koepoe,,,pack,pack,6,,,,,,,,,,,,,,,,,,,,,,,,,,,6,,,,,,,,,,,,,,,,,,,,,6,,,,,,
11,Bakso SP,KERING,,pcs,pack,,,,,,,,,,,,,5,,,,,,,,,,,,,,10,,,,,,,2,,,,,,,,,,,,,,,0,KITCHEN,1 pack = 60 pcs,885,Baso,,CONTOH
12,Adonan Bakso,,,gr,,,,,,,,,,,,,,,,,,,,,,,,,,,,,,,,,,,,,,,,,,,,,,,,,,0,,,,,,
13,Bakso Frozen,,,gr,,,,,,,,,,,,,,,,,,,,,,,,,,,,,,,,,,,,,,,,,,,,,,,,,,0,,1 pcs = 15gr,,,,
14,Basil,KERING,,,,,,,,,,,,,,,,,,,,,,,,,,,,,,,,,,,,,,,,,,,,,,,,,,,,0,KITCHEN,,20,,,Cabai TW untuk yang bahan tidak ada
15,Bawang Bombay,BASAH,,gr,kg,,,,,,,,,,,,,,,,,,,,,,,,,,,,,,,,,,"2,5",,,,,,,,,,,,,,,0,KITCHEN,,500,,,
16,Bawang Daun,BASAH,,gr,gr,,,,,,,,,,,,,,,,,,250,,,,,,,,,,,,,,,,500,,,,,,,,,,,,,,,0,KITCHEN,,500,,,
17,Bawang Goreng 250 gr,KERING,,gr,kg,,,,,,,,,,,,,,,,,,,,,,4,,,,,,,,,,,,,,,,,,,,,,,,,,,0,KITCHEN,"1 pack = 250 gr, harga per kg 200rb",1000,,,
18,Bawang Merah - Kupas,BASAH,,gr,,,,,,,,,,,,,,,,,,,,,,,,,,,,,,,,,,,,,,,,,,,,,,,,,,0,KITCHEN,,250,,,
19,Bawang Putih - Kupas,BASAH,,gr,gr,,,,,,,,,,,,,,,,,,,,,,,,,,,,,,,,,,500,,,,,,,,,,,,,,,0,KITCHEN,,250,,,
20,Baygon 600 ml,,,pcs,,2,,,,,,,,,,,,,,,,,,,,,,,,,,,2,,,,,,,,,,,,,,,,,,,,,2,,,,,,
21,Beras,KERING,,kg,Karung,,,,,,,,,,,,,,,,,,75,,,2,,,,,,,3,,,,,,3,,,,,,,,,,,,,,,0,KITCHEN,,25000,,,
22,Beans Manual Brew Lokal,,,,,,,,,,,,,,,,,,,,,,,,,,,,,,,,,,,,,,,,,,,,,,,,,,,,,0,,,,,,
23,Beans Manual Brew Import,,,,,,,,,,,,,,,,,,,,,,,,,,,,,,,,,,,,,,,,,,,,,,,,,,,,,0,,,,,,
24,Beef Portion,,,,,,,,,,,,,,,,,,,,,,,,,,,,,,,,,,,,,,,,,,,,,,,,,,,,,0,,,,,,
25,Blackpepper Bubuk,KERING,,gr,,,,,,,,,,,,,,,,,,,,,,,,,,,,,,,,,,,,,,,,,,,,,,,,,,0,KITCHEN,1 pack = 1kg,500,Blackpepper,,
26,Bio Max,,,gr,,,,,,,,,,,,,,,,,,,,,,,,,,,,,,,,,,,,,,,,,,,,,,,,,,0,,,,,,
27,Whitepepper Bubuk,KERING,,gr,,,,,,,,,,,,,,,,,,,,,,,,,,,,,,,,,,,,,,,,,,,,,,,,,,0,,1 pack = 250gr,,,,
28,Blackpepper Biji,,,,,,,,,,,,,,,,,,,,,,,,,,,,,,,,,,,,,,,,,,,,,,,,,,,,,0,,,,,,
29,Whitepepper Biji,,,,,,,,,,,,,,,,,,,,,,,,,,,,,,,,,,,,,,,,,,,,,,,,,,,,,0,,1 pack = 1kg,,,,
30,Box Take Away - Ivory,KEMASAN,,pcs,,300,,,,,,,,,,,,,,,,,,,,,,,,,,,1000,,,,,,,,,,,,,,,,,,,,,300,KITCHEN,1 pack = 5 pcs,200,,,
31,Box Take Away - Kitchen,,,,pcs,4800,,,,,,,,,,,,,,,,,,,,,,,,,,,,,,,,,,,,,,,,,,,,,,,,4800,,,,,,
32,Box Take Away - sekat 3,,,pack,pack,103,,,,,,,,,,,,,,,20,,,,,7,,,,,,,,,,,,,,,,,,,,,,,,,,,,103,,,,,,
33,Botol Take Away - 1L,KEMASAN,,pcs,,,,,,,,,,,,,,,,,,,,,,,,,,,,,,,,,,,,,,,,,,,,,,,,,,0,,,,,,
34,Brown Sugar Stick 30pcs,KERING,,pcs,pack,18,,,,,,,,,,,,,,,,,,,,,,,,,,,13,,,,,,,,,,,,,,,,,,,,,18,BAR,1 pack = 30 pcs,1,,,
35,Bumbu Gulai Daging Indofood - Dus,KERING,,dus,,1,,,,,,,,,,,,,,,,,,,,,,,,,,,,,,,,,,,,,,,,,,,,,,,,1,KITCHEN,1 Sachet = 45gr,,,,
36,Bumbu Gulai Racik Indofood - Sachet 45 gr,KERING,,pack,,99,,,,,,,,,,,,,,,,,,,,,,,,,,,27,,,,,,,,,,,,,,,,,,,,,99,,,,,,
37,Bumbu Rendang Racik Indofood - Sachet 45 gr,,,pack,pack,12,,,,,,,,,,,,,,,,,,,,,,,,,,,7,1,,,,,5,,,,,,,,,24,,,,,,12,,1 Sachet = 50gr,,,,
38,Butter - Orchid Creamery Butter,KERING,,gr,gr,400,,,,,,,,,,,,,,,,,,,,,,,,,,,2,,,,,,,,,,,,,,,,,,,,,400,KITCHEN,1 pack = 200gr,1000,,,
39,Butter - Baker Mix ,,,,gr,7500,,,,,,,,,,,,,,,,,,,,,,,,,,,,,,,,,,,,,,,,,,,,,,,,7500,,1 dus isi 15 kg,,,,
40,Butter - Master Martini Gioia,,,,kg,12000,,,,,,,,,,,,,,,,,,,,,,,,,,,,,,,,,2,,,,,,,,,,,,,,,12000,,1 dus 20 kg,,,,
41,Cabe Domba,BASAH,,gr,,,,,,,,,,,,,,,,,,,,,,,,,,,,,,,,,,,,,,,,,,,,,,,,,,0,KITCHEN,,100,,,
42,Chili Flakes,KERING,,gr,,,,,,,,,,,,,,,,,,,,,,,,,,,,,,,,,,,,,,,,,,,,,,,,,,0,KITCHEN,,200,,,
43,Cabe Merah TW,BASAH,,gr,,,,,,,,,,,,,,,,,,,,,,,,,,,,,,,,,,,,,,,,,,,,,,,,,,0,KITCHEN,,250,,,
44,Cabe Rawit Merah ,KERING,,gr,gr,,,,,,,,,,,,,,,,,,,,,,,,,,,,,,,,,,500,,,,,,,,,,,,,,,0,KITCHEN,,250,,,
45,Cabe Kering Keriting,,,,,,,,,,,,,,,,,,,,,,,,,,,,,,,,9,,,,,,,,,,,,,,,,,,,,,0,,,,,,
46,Cakue,,,,,,,,,,,,,,,,,,,,,,,,,,,,,,,,,,,,,,,,,,,,,,,,,,,,,0,,,,,,
47,Davinci Caramel Sauce,KERING,,gr,botol,6000,,,,,,,,,,,,,,,,,,,,,,,,,,,2,,,,,,,,,,,,,,,,,,,,,1,BAR,1 Botol = 2L,2000,,,
48,Cengkeh,KERING,,,,,,,,,,,,,,,,,,,,,,,,,,,,,,,,,,,,,,,,,,,,,,,,,,,,0,KITCHEN,,250,,,
49,Jamur Champignon,BASAH,,,gr,,,,,,,,,,,,,,,,,,,,,,,,,,,,,,,,,,500,,,,,,,,,,,,,,,0,KITCHEN,,250,,,
50,Cheeseng Pure Sesame Oil 750 ml,,,botol,,1,,,,,2250,,,,,,,,,,2,,,,,,,,,,,,7,,,,,,,,,,,,,,,,,,,,,2251,,,,,,
51,Chilli Sauce,KERING,,,,,,,,,,,,,,,,,,,,,,,,,,,,,,,,,,,,,,,,,,,,,,,,,,,,0,KITCHEN,,5500,Chili Sauce,,
52,Chilli Powder 234gr,,,pack,,,,,,,,,,,,,,,,,,,,,,,,,,,,,,,,,,,,,,,,,,,,,,,,,,0,,,,,,
53,Chocolate Chunk 1kg,,,gr,,2000,,,,,,,,,,,,,,,,,,,,,,,,,,,,,,,,,,,,,,,,,,,,,,,,2000,,,,,,
54,Chocolate Powder Bordeaux - Tulip,KERING,,gr,pack,1,,,,,,,,,,,,,,,,,,,,,,,,,,,,,,,,,,,,,,,,,,,,,,,,1,BAR,"1 pack = 2,5kg",2000,,,
55,Chocolate Powder By Ramdan 1 kg,,,gr,kg,,,,,,,,,,,,,1,,,10,,,,,,,,,,,2,9,,,,,,2,,,,,,,,,,,,,,,0,,1 pack = 1kg,,,,
56,Chocolate Tulip - Compound,,,kg,kg,6000,,,,,,,,,,,,,,,,,,,,,,,,,,5,5,,,,,,,,,,,,,,,,,,,,,6000,,1 pack =  1 kg,,,,
57,Ciao Peeled Tomato,,,kaleng,kaleng,1,,,,,,,,,,,,,,,2,,,,,,,,,,,,,,,,,,1,,,,,,,,,,,,,,,1,,"1 pack =  2,5kg",,,,
58,Cikur,KERING,,,,,,,,,,,,,,,,,,,,,,,,,,,,,,,,,,,,,,,,,,,,,,,,,,,,0,KITCHEN,,1000,,,
59,Cireng Rujak Brexcelle,KERING,,pack,pack,20,,,,,,,,,50,,,,,,,,,,,20,,,,,,20,10,,,,,,,,,,,,,,,,,,,,,20,KITCHEN,1 pack = 20pcs,5,,,
60,Cling 400ml,KEMASAN,,pack,pouch,22,,,,,,,,,,,1,,,,,,,,,,,,,,,,13,,,,,,1,,,,,,,,,,,,,,,11,BAR,1 pack - 400 ml,1,,,
61,Cutleries Set (pisau + garpu set),KEMASAN,,pcs,,1000,,,,,,,,,,,,,,,,,,,,,,,,,,,3,,,,,,,,,,,,,,,,,,,,,1000,BAR,,2,,,
62,Cutleries Set (sendok + garpu set),,,pcs,pack,1500,,,,,,,,,,,,,,,,,,,,,,,,,,,,,,,,,5,,,,,,,,,,,,,,,1500,,,,,,
63,Cup Hot Small 8 oz - ER,,,pcs,pcs,7500,,,,,,,,,,,,,,,,,,,,,,,,,,,,,,,,,500,,,,,,,,,,,,,,,7500,,,,,,
64,Cup Hot Medium 12 oz - ER,,,pcs,pcs,8000,,,,,,,,,,,,,,,,,,,,,,,,,,,,,,,,,,,,,,,,,,,,,,,,8000,,,,,,
65,Cup Ice Medium 12 oz - ER,,,pcs,pcs,4217,,,,,,,,,,,,500,,,,,,,,1000,,,,,,,1,,,,,,500,,,,,,,,,,,,,,,4217,,,,,,
66,Cup Ice Large 16 oz - ER,,,pcs,pcs,6500,,,,,,,,,,,,500,,,,,,,,,,,,,,,12,,,,,,500,,,,,,,,,,,,,,,6500,,,,,,
67,Cup gelas 500 ml - bening,,,pack,,7 ,,,,,,,,,,,,,,,,,,,,,,,,,,,,,,,,,,,,,,,,,,,,,,,,7,,,,,,
68,Cuka Dixi 650ml,,,ml,,,,,,,,,,,,,,,,,,,,,,,,,,,,,4,,,,,,,,,,,,,,,,,,,,,0,,1 Botol = 650ml,,,,
69,Coffe Bean,,,,,,,,,,,,,,,,,,,,,,,,,,,,,,,,,,,,,,,,,,,,,,,,,,,,,0,,,,,,
70,Dairy Champ Kaleng 480gr,KERING,,gr,kaleng,21120,,,,,,,,,,,,,,,,,,,,,,,,,,,44,,,,,,,,,,,,,,,,,,,,,21120,BAR,1 kaleng = 480gr,4800,,,
71,Bon Patis - Danish Pastry Butter Sheet,KERING,,,pcs,30 ,,,,,,,,,,,,,,,,,,,,,,,,,,,,,,,,,,,,,,,,,,,,,,,,30,BAR,1 dus = 15pcs x 500gr,1,Danish Sheet,,
72,Daun Jeruk,BASAH,,gr,,,,,,,,,,,,,,,,,,,,,,,,,,,,,,,,,,,,,,,,,,,,,,,,,,0,KITCHEN,,50,,,
73,Daun Salam,,,,,,,,,,,,,,,,,,,,,,,,,,,,,,,,,,,,,,,,,,,,,,,,,,,,,0,,,,,,
74,Delmonte Extra Hot 1 kg,,,gr,gr,8000,,,,,,,,,,,,,,,,,,,,,,,,,,,,,,,,,,,,,,,,,,,,,,,,8000,,,,,,
75,Knorr Demiglace Sauce 1 kg,KERING,,,,,,,,,,,,,,,,,,,,,,,,,,,,,,,2,,,,,,,,,,,,,,,,,,,,,0,KITCHEN,,1000,,,
76,Susu Diamond UHT Full cream 1 L,DAIRY,,ml,liter,144000,,,,,,,,,,,,48,,,,,,,,,,,,,,,24,,,,,,9,,,20,,,,,,,,,,,,144000,BAR,,24000,,,
77,Earl Grey Tea 1 kg,KERING,,gr,,,,,,,,,,,,,,,,,,,,,,,,,,,,,,,,,,,,,,,,,,,,,,,,,,0,BAR,1 pack = 1kg,1000,Earl Gray,,
78,Emping,KERING,,,kg,500,,,,,,,,,,,,,,,4,,,,,2,,,,,,,2,,,,,,,,,,,,,,,,,,,,,500,KITCHEN,,1000,,,
79,Bon Patis - French Baguette,KERING,,gr,pcs,16,,,,,,,,,,,,,,,,,,,,,,,,,,,,,,,,,,,,,,,,,,,,,,,,16,KITCHEN,"per pcs 260 gr, per dus 4160 gr, 16pcs",5,,,
80,French Fries Golden Farm 1 kg,KERING,,gr,pack,16000,,,,,,,,,,,,,,,,,,,,12,,,,,,,13,,,,,,12,,,,,,,,,,,,,,,16000,KITCHEN,,3000,,,
81,Fructose - Rose Brand 5 kg,KERING,,,jerigen,10000,,,,,,,,,,,,,,,3,,,,,,,,,,,2,1,,,,,,1,2,,,,,,,,,,,,,,10000,BAR,1 kompan,5000,,,
82,Galon Amidis 15 L,KERING,,botol,,,,,,,,,,,,,,,,,,,,,,,,,,,,,,,,,,,,,,,,,,,,,,,,,,0,BAR,,2,,,
83,Galon Cleo 19 L,,,,,,,,,,,,,,,,,,,,,,,,,,,,,,,,,,,,,,,,,,,,,,,,,,,,,0,,,,,,
84,Garam Dolpin 1 kg,KERING,,gr,kg,1000,,,,,,,,,,,,,,,,,,,,2,,,,,,,,,,,,,,,,,,,,,,,,,,,,1000,KITCHEN,,500,,,
85,Garam Dolpin 500 gr,,,,gr,8000,,,,,,,,,,,,,,,,,,,,,,,,,,,9,,,,,,,,,,,,,,,,,,,,,8000,,,,,,
86,Garpu Plastik 100 pcs,KEMASAN,,,pcs,1900,,,,,,,,,,,,,,,,,,,,,,,,,,,,,,,,,,,,,,,,,,,,,,,,1900,BAR,1 pack = 50pcs,1,,,
87,Gas 12kg ,KERING,,pcs,,,,,,,,,,,,,,,,,,,,,,,,,,,,,,,,,,,,,,,,,,,,,,,,,,0,KITCHEN,,1,,,
88,Susu Greenfield Fresh Milk 1L,DAIRY,,liter,dus,71000,,,,,,,,,,,,,,,,,4,,,3,,,,,,2,11,,,,,4,1,,,,,,,,,,,,,,,71000,BAR,1 dus = 12 L,12000,,,
89,Gula Aren Cair,KERING,,,liter,15000,,,,,,,,,,,,3,,,,,,,,2,,,,,,5,4,,,,,,10,,,,,,,,,,,,,,,15000,BAR,1L,5000,Gula Aren Cair,,
90,Gula Pasir Gulaku,KERING,,gr,kg,22000,,,,,,,,,,,,10,,,24,,,,,3,,,,,,,26,,,,,,1,,,,,,,,,,,,,,,22000,KITCHEN,,1000,Gula,,
91,Gyoza,KERING,,,,,,,,,,,,,,,,,,,,,,,,,300,,,,,,,,,,,,,,,,,,,,,,,,,,,0,KITCHEN,,30,,,
92,Handgloves Karet Hitam,,,,pack,100,,,,,,,,,,,,,,,300,,,,,1,,,,,,,,,,,,,,,,,,,,,,,,,,,,100,,100pcs,,,,
93,Handgloves Plastik,,,,pack,8,,,,,,,,,,,,,,,,,20,,,10,,,,,,,8,,,,,,,,,,,,,,,,,,,,,8,,,,,,
94,Handsoap Refill Yuri 375 ml,,,,pack,15,,,,,,,,,,,,,,,,,,,,1,,,,,,,9,,,,,,5,,,,,,,,,,,,,,,9,,,,,,
95,Handwash Larrist 500 ml,,,,pcs,8,,,,,,,,,,,,,,,,,,,,,,,,,,,8,,,,,,,,,,,,,,,,,,,,,8,,,,,,
96,Himalaya Salt 500gr,KERING,,,,,,,,,,,,,,,,,,,100,,,,,,,,,,,,4,,,,,,,,,,,,,,,,,,,,,0,BAR,1 pack = 500gr,200,Garam,,
97,Houseblend Bean,KERING,,gr,kg,,,,,,,,,,,,,,,,,,,,,2,,,,,,,,,,,,,11,,,,,,,,,,,,,,,0,BAR,,3000,Ground Coffee Houseblend,,
98,Ice Cream Diamond Vanilla 8 L,DAIRY,,,kotak,8000,,,,,,,,,,,,,,,,,,,,,,,,,,,,1,,,,,1,,,,,,,,,,,,,,,8000,BAR,,4000,vanila,,
99,Iga,KERING,,,kg,,,,,,,,,,,,,,,,,,,,,,20,,,,,20,,,,,,,,,,,,,,,,,,,,,,0,KITCHEN,,10000,,,
100,Jahe,BASAH,,,,,,,,,,,,,,,,,,,,,,,,,,,,,,,,,,,,,,,,,,,,,,,,,,,,0,KITCHEN,,100,Ginger,,
101,Jays Bay Leaves 8 gr,,,gr,botol,48,,,,,,,,,,,,,,,,,,,,,,,,,,,4,,,,,,2,,,,,,,,,,,,,,,48,,,,,,
102,Jays Garlic Powder 80 gr,,,gr,botol,480,,,,,,,,,,,,,,,,,,,,,,,,,,,,,,,,,,,,,,,,,,,,,,,,480,,,,,,
103,Jays Garlic Powder 15 gr,,,gr,botol,30,,,,,,,,,,,,,,,,,,,,,,,,,,,,,,,,,,,,,,,,,,,,,,,,30,,,,,,
104,Jays Oregano 25 gr,,,gr,botol,200,,,,,,,,,,,,,,,,,,,,,,,,,,,1,1,,,,,3,,,,,,,,,,,,,,,200,,,,,,
105,Jays Parsley 20 gr,,,gr,botol,120,,,,,,,,,,,,,,,,,,,,,,,,,,,6,,,,,,,,,,,,,,,,,,,,,120,,,,,,
106,Jays Wijen 70 gr ,,,gr,botol,70,,,,,,,,,,,,2,,,,,,,,,,,,,,,,,,,,,,,,,,,,,,,,,,,,70,,,,,,
107,Jasmine Tea,,,ml,,,,,,,,,,,,,,,,,,,,,,,,,,,,,,,,,,,,,,,,,,,,,,,,,,0,,,,,,
108,Jeruk Limau,BASAH,,gr,,,,,,,,,,,,,,,,,,,,,,,,,,,,,,,,,,,,,,,,,,,,,,,,,,0,KITCHEN,,100,,,
109,Jinten Cap Koepoe 32 gr,KERING,,,pcs,960,,,,,,,,,,,,,,,,,,,,,,,,,,,30,,,,,,,,,,,,,,,,,,,,,960,KITCHEN,,20,,,
110,Kacang Kedelai,KERING,,,pack,,,,,,,,,,,,,2,,,,,,,,,,,,,,,3,,,,,,,,,,,,,,,,,,,,,0,KITCHEN,1 pack = 500 gr,100,Kacang Kedelai,,
111,Kapulaga,KERING,,,,,,,,,,,,,,,,,,,,,,,,,,,,,,,,,,,,,,,,,,,,,,,,,,,,0,KITCHEN,,250,,,
112,Kecap Anggur 6kg - Jerigen,KERING,,gr,kompan,12000,,,,,,,,,,,,,,,,,,,,,,,,,,2,,,,,,,,,,,,,,,,,,,,,,3,KITCHEN,1 Jerigen = 6kg/5L,750,,,
113,Kecap Asin - Lee Kum Kee,KERING,,,botol,,,,,,,,2500,,,,,,,,,,,,,,,,,,,10,3,,,,,,,,,,,,,,,,,,,,,0,KITCHEN,,750,,,
114,Kecap Hitam Jamur - Pearl River Bridge,,,,botol,600,,,,,,,,,,,,,,,,,,,,,,,,,,,2,,,,,,,,,,,,,,,,,,,,,600,KITCHEN,,,,,
115,Kecap Ikan - Djoe Hoa,,,,,,,,,,,,,,,,,,,,,,,,,,,,,,,,,,,,,,,,,,,,,,,,,,,,,0,,,,,,
116,Kecap Inggris Sedap Wangi,KERING,,gr,botol,1860,,,,,,,,,,,,,,,,,,,,,,,,,,1,6,,,,,,,,,,,,,,,,,,,,,1860,KITCHEN,1 botol = 620ml,620,,,
117,Kecap Raos,KERING,,ml,botol,1800,,,,,,,21600,,,,,,,,,,,,,1,,,,,,6,17,,,,,,,,,,,,,,,,,,,,,1800,KITCHEN,1 botol =  600 ml ,3000,,,
118,Kemiri,KERING,,gr,,,,,,,,,,,,,,,,,,,,,,,,,,,,,,,,,,,,,,,,,,,,,,,,,,0,KITCHEN,,1500,,,
119,Kentang,BASAH,,,,,,,,,,,,,,,,,,,,,,,,,,,,,,,,,,,,,,,,,,,,,,,,,,,,0,KITCHEN,,500,,,
120,Keresek,KEMASAN,,gr,,,,,,,,,,,,,,,,,,,,,,,,,,,,,,,,,,,,,,,,,,,,,,,,,,0,BAR,,5,,,
121,Kertas Nasi - Putih 22 x 26,,,,pack,28,,,,,,,,,,,,,,,,,30,,,,,,,,,15,1,,,,,,,,,,,,,,,,,,,,,28,,1 pack,,,,
122,Kertas Nasi - Putih 25 x 27,,,,,,,,,,,,,,,,,,,,,,,,,,,,,,,,44,,,,,,,,,,,,,,,,,,,,,,,,,,,
123,Kertas Nasi - Bunga,,,,pack,2,,,,,,,,,,,,,,,,,,,,,,,,,,,2,,,,,,,,,,,,,,,,,,,,,2,,1 pack = 250 pcs,,,,
124,Kertas Wrap - Alas Brownies Pastry,,,,,9,,,,,,,,,,,,,,,,,,,,,,,,,,,,,,,,,,,,,,,,,,,,,,,,9,,1 pack = 100 pcs,,,,
125,Kerupuk DDN,KERING,,pax,pack,,,,,,20,,,,,,,10,,,,,,,,25,,,,,20,10,,,,,,,13,30,,,,,,,,20,,,,,,20,KITCHEN,,50,Kerupuk,,
126,Kerupuk Black,,,,,9,,,,,,,,,,,,,,,,,,,,,,,,,,,,,,,,,,,,,,,,,,,,,,,,9,,,,,,
127,Ketumbar Bubuk Cap Koepoe 25 gr,KERING,,,pcs,150,,,,,,,,,,,,,,,,,,,,,,,,,,,6,,,,,,,,,,,,,,,,,,,,,150,KITCHEN,,20,Ketumbar,,
128,Knorr Chicken Powder 1 kg,,,gr,pack,2000,,,,,,,,,,,,,,,1,,6,,,,,,,,,,3,,,,,,4,,,,,,,,,,,,,,,2000,,,,,,
129,Knorr Demiglace Sauce 1 kg,,,,pack,4,,,,,,,,,,,,,,,,,,,,,,,,,,,2,,,,,,,,,,,,,,,,,,,,,4,,,,,,
130,Kraft Hickory Smoke BBQ,,,,pack,5456,,,,,,,,,,,,,,,,,,,,,,,,,,,11,,,,,,,,,,,,,,,,,,,,,5456,,1 botol = 496gr,,,,
131,Kresek Diamond uk.10,,,pack,pack,20,,,,,,,,,,,,,,,,,,,,,,,,,,5,18,,,,,,5,,,,,,,,,,,,,,,20,,,,,,
132,Kresek Diamond uk.15,,,pack,pack,37,,,,,,,,,,,,,,,,,,,,,,,,,,5,3,,,,,,5,,,,,,,,,,,,,,,37,,,,,,
133,Kresek Diamond uk.20,,,pack,pack,,,,,,,,,,,,,,,,,,,,,,,,,,,,15,,,,,,,,,,,,,,,,,,,,,0,,,,,,
134,Kresek Diamond uk.24,,,pack,pack,37,,,,,,,,,,,,,,,,,,,,,,,,,,10,3,,,,,,,15,,,,,,,,,,,,,,37,,,,,,
135,Kresek Idola 20 x 35 ,,,,pack,11,,,,,,,,,,,,,,,,,,,,,,,,,,,1,,,,,,,,,,,,,,,,,,,,,11,,,,,,
136,Kresek ink uk.10,,,,pack,42,,,,,,,,,,,,,,,,,,,,,,,,,,,31,,,,,,,,,,,,,,,,,,,,,42,,,,,,
137,Kresek ink uk.15,,,,pack,50,,,,,,,,,,,,,,,,,,,,,,,,,,,35,,,,,,,,,,,,,,,,,,,,,50,,,,,,
138,Kresek ink uk.24,,,,pack,10,,,,,,,,,,,,,,,,,,,,,,,,,,,24,,,,,,,,,,,,,,,,,,,,,10,,,,,,
139,Kresek Tulip Putih 24,,,gr,pack,10,,,,,,,,,,,,,,,,,,,,,,,,,,,26,,,,,,,,,,,,,,,,,,,,,10,,,,,,
140,Kol Putih,BASAH,,,gr,,,,,,,,,,,,,,,,,,,,,,,,,,,,,,,,,,500,,,,,,,,,,,,,,,0,KITCHEN,,1000,,,
141,Kunyit,KERING,,,,,,,,,,,,,,,,,,,,,,,,,,,,,,,,,,,,,,,,,,,,,,,,,,,,0,KITCHEN,,100,,,
142,Laja,KERING,,,,,,,,,,,,,,,,,,,,,,,,,,,,,,,,,,,,,,,,,,,,,,,,,,,,0,KITCHEN,,50,,,
143,Lid Hot + Stopper Small,,,pcs,pcs,5050,,,,,,,,,,,,,,,,,,,,,,,,,,,,,,,,,,,,,,,,,,,,,,,,5050,,,,,,
144,Lid Hot White Small,,,pcs,pcs,200,,,,,,,,,,,,,,,,,,,,,,,,,,,,,,,,,,,,,,,,,,,,,,,,200,,,,,,
145,Lid Hot + Stopper Medium,,,pcs,pcs,6500,,,,,,,,,,,,,,,,,,,,,,,,,,,,,,,,,,,,,,,,,,,,,,,,6500,,,,,,
146,Lid Hot White Medium,,,pcs,,,,,,,,,,,,,,,,,,,,,,,,,,,,,,,,,,,,,,,,,,,,,,,,,,0,,,,,,
147,Lid Ice 90 mm,,,pcs,pcs,12200,,,,,,,,,,,,,,,,,,,,,,,,,,,,,,,,,,,,,,,,,,,,,,,,12200,,,,,,
148,Lap Microfiber,,,,pack,3,,,,,,,,,,,,,,,,,,,,,,,,,,,3,,,,,,,,,,,,,,,,,,,,,3,,,,,,
149,Lemon Fresh,BASAH,,,gr,,,,,,,,,,,,,,,,,,500,,,,,,,,,,,,,,,,1000,,,,,,,,,,,,,,,0,BAR,,200,,,
150,Lobak,BASAH,,,,,,,,,,,,,,,,,,,,,,,,,,,,,,,,,,,,,,,,,,,,,,,,,,,,0,KITCHEN,,250,,,
151,Lolorosa,BASAH,,gr,,,,,,,,,,,,,,,,,,,500,,,,,,,,,,,,,,,,,,,,,,,,,,,,,,,0,KITCHEN,,300,Lorosa,,
152,Lychee Kaleng Herring,KERING,,gr,can,1380,,,,,,,,,,,,,,,,,,,,,,,,,,3,31,,,,,,,,,,,,,,,,,,,,,25,BAR,1 kaleng = 230gr,1134,,,
153,Mama Lemon 690 gr,,,,pouch,2,,,,,,,,,,,,,,,,,,,,1,,,,,,,1,,,,,,,,,,,,,,,,,,,,,2,,,,,,
154,Mama Lemon 950 gr,CHEMICAL,,,,,,,,,,,,,,,,,,,,,,,,,,,,,,,,,,,,,,,,,,,,,,,,,,,,0,KITCHEN,,1,,,
155,"Mama Lemon 1,5 L",CHEMICAL,,gr,pouch,8,,,,,,,,,,,,1,,,2,,,,,,,,,,,6,,,,,,,4,,,,,,,,,,,,,,,7,BAR,,1,,,
156,Mascarpone 1 kg,,,,kg,5000,,,,,8000,,,,,,,6,,,,,,,,,,,,,,,,,,,,,,,,,,,,,,,,,,,,13000,,,,,,
157,Matcha Powder,KERING,,kg,kg,,,,,,,,,,,,,1,,, ,,,,,1,,,,,,2,6,,,,,,2,,,,,,,,,,,,,,,0,BAR,,2000,,,
158,Mauri-pan Ragi Kering 500 gr,,,,pack,6500,,,,,,,,,,,,,,,,,,,,,,,,,,,11,,,,,,2,,,,,,,,,,,,,,,6500,,1 pack = 500gr,,,,
159,Mayonaise Maestro 1 kg,KERING,,gr,gr,5000,,,,,,,,,,,,,,,,,,,,,,,,,,,1,,,,,,,,,,,,,,,3,,,,,,5000,KITCHEN,,2,,,
160,Mentega Blue Band 1 kg,KERING,,gr,pack,2000,,,,,,,,,,,,,,,,,,,,,,,,,,,,,,,,,,,,,,,,,,,,,,,,2000,KITCHEN,,2000,,,
161,Mentega Blue Band 2 kg,,,,can,4000,,,,,,,,,,,,,,,,,,,,,,,,,,,,3,,,,,2,,,,,,,,,,,,,,,4000,,,,,,
162,Mentega Blue Band 200 gr,,,,pack,200,,,,,,,,,,,,,,,,,,,,,,,,,,,1,,,,,,,,,,,,,,,,,,,,,200,,,,,,
163,Mie Telur Burung Dara 140 gr,KERING,,,pack,1960,,,,,,,,,,,,,,,,,,,,,,,,,,,,3,,,,,6,,,,,,,,,,,,,,,1960,KITCHEN,1 pack = 140gr,10,Mie ,,
164,Mie Portion 100gr,,,,,,,,,,,,,,,,,,,,,,,,,,,,,,,,,,,,,,,,,,,,,,,,,,,,,0,,1 pcs = 100 gr,,,,
165,Mie Bakmie,,,,,,,,,,,,,,,,,,,,,,,,,,,,,,,,,,,,,,,,,,,,,,,,,,,,,0,,"harga per kg, brp pcs?",,,,
166,Millac 1L,DAIRY,,ml,Liter,33000,,,,,,,,,,,,38,,,,,,,48,14 ,,,,,,2,43,,,,,,4,,,,,,,,,,,,,,,33000,KITCHEN,,6000,,,
167,Mineral Water Mountoya 600 ml,KERING,,,dus,22,,,,,,,50,,,,,5,,,,,,,,18,,,,,,2,,,,,,,,,,,,,,,,,,,,,,22,BAR,,48,,,
168,Minyak Goreng Sovia 18L,KERING,,,dus,7200,,,,,5,,,,,,,3,,,,,,,,,,,,,,3,7,,,,,,,,,,,,,,,3,,,,,,7205,KITCHEN,,18000,,,
169,Minyak Goreng Sovia 2L,,,,,,,,,,,,,,,,,,,,,,,,,,,,,,,,,,,,,,,,,,,,,,,,,,,,,0,,,,,,
170,Minyak Wijen Chee Seng,KERING,,,botol,,,,,,2250,,,,,,,,,,2,,,,,,,,,,,2,,,,,,,,,,,,,,,,,,,,,,2250,KITCHEN,,750,,,
171,Mix Vegetable 1 kg,KERING,,gr,kg,,,,,,5000,,,,,,,2,,,,,,,,,,,,,,2,4,,,,,,2,,,,,,,,,,,,,,,5000,KITCHEN,1 pack = 1kg,2000,,,
172,Mozarella Anchor 250 gr,KERING,,,gr,250,,,,,,,,,,,,,,,,,,,,,,,,,,,,,,,,,,,,,,,,,,,,,,,,250,KITCHEN,,1000,,,
173,Mozarella Anchor 1 kg,,,,gr,3000,,,,,,,,,,,,,,,,,,,,,,,,,,,,,,,,,,,,,,,,,,,,,,,,3000,,,,,,
174,Saos Mustard Maestro,KERING,,gr,,,,,,,,,,,,,,,,,,,,,,,,,,,,,,,,,,,,,,,,,,,,,,,,,,0,KITCHEN,,245,,,
175,Saos Mustard Maestro,,,,botol,24,,,,,,,,,,,,,,,,,,,,,,,,,,,,,,,,,,,,,,,,,,,,,,,,24,,,,,,
176,Oatside 1L,KERING,,,ml,7000,,,,,,,,,,,,,,,,,,,,,,,,,,,1,,,,,,,,,,,,,,,,,,,,,7000,BAR,,6000,,,
177,Olive Oil 5L,KERING,,l,pcs,5000,,,,,,,,,,,,5,,,,,,,,,,,,,,,1,,,,,,,,,,,,,,,,,,,,,1,KITCHEN,,1000,,,
178,Oyster Sauce Lee Kum Kee 770 gr,KERING,,gr,botol,3850,,,,,3850,,,,,,,,,,,,,,,1,,,,,,2,5,,,,,,,,,,,,,,,,,,,,,7700,KITCHEN,,770,Oyster,,
179,Palm Suiker 1 kg,KERING,,gr,gr,1000,,,,,,,,,,,,,,,,,,,,,,,,,,,5,,,,,,,,,,,,,,,,,,,,,1000,KITCHEN,,1000,Palm Suiker,,
180,Pangsit Goreng,KERING,,,,,,,,,,,,,,,,,,,,,,,,,,,,,,,,,,,,,,,,,,,,,,,,,,,,0,KITCHEN,,100,,,
181,Paper Bag 100pcs/pack,KEMASAN,,pcs,pack,31,,,,,,,,,,,,200,,,,,,,,,,,,,,,14,,,,,,3,,,,,,,,,,,,,,,31,BAR,1 pack = 100 pcs,200,,,
182,Paper Bowl + tutup 500 ml 25 pcs,KEMASAN,,pcs,pcs,475,,,,,,,,,,,,,,,,,,,,,,,,,,,500,,,,,,,,,,,,,,,,,,,,,475,KITCHEN,,25,,,
183,Paper Bowl + tutup 800 ml 25 pcs,,,,pcs,750,,,,,,,,,,,,,,,,,,,,,,,,,,,4,,,,,,,,,,,,,,,,,,,,,750,,,,,,
184,Paper Bowl + tutup 1000 ml 25 pcs,,,,pcs,25,,,,,,,,,,,,,,,,,,,,,,,,,,,,,,,,,,,,,,,,,,,,,,,,25,,,,,,
185,Paper bowl brownies 25 pcs,,,,pcs,100,,,,,,,,,,,,,,,,,,,,,,,,,,,,,,,,,,,,,,,,,,,,,,,,100,,,,,,
186,Paper Doley,KEMASAN,,pcs,pack,12,,,,,,,,,,,,,,,,,,,,,,,,,,,,,,,,,2,,,,,,,,,,,,,,,12,KITCHEN,,1,,,
187,Paprika hijau,BASAH,,gr,,,,,,,,,,,,,,,,,,,,,,,,,,,,,,,,,,,,,,,,,,,,,,,,,,0,KITCHEN,,100,,,
188,Paprika merah,BASAH,,gr,gr,,,,,,,,,,,,,,,,,,,,,,,,,,,,,,,,,,500,,,,,,,,,,,,,,,0,KITCHEN,,100,,,
189,Parsley Fresh,KERING,,gr,,,,,,,,,,,,,,,,,,,,,,,,,,,,,,,,,,,,,,,,,,,,,,,,,,0,KITCHEN,,100,,,
190,Peach Delmonte Halves 825 gr,KERING,,gr,can,20,,,,,,,,,,,,,,,,,,,,1,,,,,,1,20,,,,,,,,,,,,,,,,,,,,,20,BAR,1 kaleng = 825 gr,825,,,
191,PET Large,KEMASAN,,pcs,,,,,,,,,,,,,,,,,,,,,,,,,,,,,,,,,,,,,,,,,,,,,,,,,,0,BAR,,500,,,
192,PET Medium,KEMASAN,,pcs,,,,,,,,,,,,,,,,,,,,,,,,,,,,,,,,,,,,,,,,,,,,,,,,,,0,BAR,,500,,,
193,Pisang Tanduk,BASAH,,,kg,,,,,,,,,,,,,5,,,,,,,,,,,,,,5,,,,,,,2,,,,,,,,,,,,,,,0,KITCHEN,,2,,,
194,Pisau Plastik,KEMASAN,,,,,,,,,,,,,,,,,,,,,,,,,,,,,,,,,,,,,,,,,,,,,,,,,,,,0,BAR,,100,,,
195,Plastik 25x40 cm,,,,pack,22,,,,,,,,,,,,,,,,,,,,,,,,,,,,,,,,,,,,,,,,,,,,,,,,22,,,,,,
196,Plastik HD Anti Panas Merk Diamond 15 x 30,,,,,,,,,,,,,,,,,,,,,,,,,,,,,,,,10,,,,,,,,,,,,,,,,,,,,,,,,,,,
197,Plastik HD Anti Panas Merk Diamond 20 x 35,KEMASAN,,pack,pack,3,,,,,,,,,,,,,,,,,,,,,,,,,,,9,,,,,,,,,,,,,,,,,,,,,3,KITCHEN,,5,,,
198,Plastik HD Cinta,,,,,,,,,,,,,,,,,,,,,,,,,,,,,,,,,,,,,,,,,,,,,,,,,,,,,0,,,,,,
199,Plastik HD,,,,pack,,,,,,,,,,,,,,,,,,,,,6,,,,,,,,,,,,,,,,,,,,,,,,,,,,0,,,,,,
200,Plastik 2 kg,,,,,,,,,,,,,,,,,,,,,,,,,,,,,,,,,,,,,,,,,,,,,,,,,,,,,0,,,,,,
201,Plastik clip ziplock 5x8cm,,,,pack,30,,,,,,,,,,,,,,,,,,,,,,,,,,,30,,,,,,,,,,,,,,,,,,,,,30,,,,,,
202,Plastik clip ziplock 7x10cm,,,,pack,2,,,,,,,,,,,,,,,,,,,,,,,,,,,2,,,,,,,,,,,,,,,,,,,,,2,,,,,,
203,Plastik clip ziplock 16x25,,,,,,,,,,,,,,,,,,,,,,,,,,,,,,,,1,,,,,,,,,,,,,,,,,,,,,,,,,,,
204,Plastik OPP 16x25cm 100 pcs,,,,pack ,4,,,,,,,,,,,,10,,,,,,,,,,,,,,,,,,,,,,,,,,,,,,,,,,,,4,,,,,,
205,Plastik PE Merk Tomat 12 X 25,,,,pack,18,,,,,,,,,,,,,,,,,,,,,,,,,,,8,,,,,,8,8,,,,,,,,,,,,,,18,,,,,,
206,Plastik PE Merk Tomat 15 x 30,,,gr,pack,88,,,,,,,,,,,,,,,,,,,,,,,,,,20,8,,,,,,,,,,,,,,,,,,,,,88,,,,,,
207,Plastic Wrap roll 45 cm,,,,roll,6,,,,,,,,,,,,,,,,,,,,,,,,,,,4,4,1,,,,,,,,,,,,,,,,,,,6,,,,,,
208,Plastik Wrap Kiyomi,,,,,,,,,,,,,,,,,,,,,,,,,,,,,,,,3,,,,,,,,,,,,,,,,,,,,,0,,,,,,
209,Plastik Single 100gr,,,gr,,,,,,,,,,,,,,,,,,,,,,,,,,,,,,,,,,,,,,,,,,,,,,,,,,0,,,,,,
210,Plastik seal,,,gr,,,,,,,,,,,,,,,,,,,,,,,,,,,,,,,,,,,,,,,,,,,,,,,,,,0,,,,,,
211,Prochiz Gold Cheddar 160gr,,,,pack,1,,,,,10,,,,,,,,,,,,,,,,,,,,,,2,,,,,,,,,,,,,,,,,,,,,2,,,,,,
212,Prochiz Gold Cheddar 2kg,,,,pack,1,,,,,5,,,,,,,1,,,,,,,,,,,,,,,4,,,,,,,,,,,,,,,,,,,,,6,,,,,,
213,Bumbu Soto Indofood,KERING,,pack,,,,,,,,,,,,,,,,,,,,,,,,,,,,,,,,,,,,,,,,,,,,,,,,,,0,KITCHEN,,10,,,
214,RAP Zeelandia (Fla instan),,,,pack,8,,,,,,,,,,,,,,,,,,,,,,,,,,,8,,,,,,,,,,,,,,,,,,,,,8,,,,,,
215,Red Velvet Powder,,,gr,,,,,,,,,,,,,,,,,,,,,,,,,,,,,,,,,,,,,,,,,,,,,,,,,,0,,,,,,
216,Redoxone,KEMASAN,,pack,,,,,,,,,,,,,,,,,,,1,,,1,,,,,,,,,,,,,,,,,,,,,,,,,,,,0,KITCHEN,,1,,,
217,Rinso Cair 700 ml,CHEMICAL,,gr,pack,6,,,,,,,,,,,,1,,,,,,,,2,,,,,,,,,,,,,,,,,,,,,,,,,,,,6,KITCHEN,,1,,,
218,Romaine,BASAH,,gr,,,,,,,,,,,,,,,,,,,,,,,,,,,,,,,,,,,,,,,,,,,,,,,,,,0,KITCHEN,,250,,,
219,Rose Brand Maizena 500 gr ,,,,gr,2500,,,,,,,,,,,,,,,,,,,,,,,,,,,,,,,,,,,,,,,,,,,,,,,,2500,,,,,,
220,Rosemary,BASAH,,gr,,,,,,,,,,,,,,,,,,,,,,,,,,,,,,,,,,,,,,,,,,,,,,,,,,0,KITCHEN,,50,,,
221,Royco Ayam,,,,kg,1,,,,,,,,,,,,,,,,,,,,,,,,,,,,4,,,,,,,,,,,,,,,,,,,,1,,,,,,
222,Sabun colek ekonomi 145 gr,,,pcs,25,,,,,,,,,,,,,,,,,,,,,,,,,,,,25,,,,,,,,,,,,,,,,,,,,,0,,,,,,
223,santan 65 ml,KERING,,,,,,,,,,,,,,,,,,,,,,,,,,,,,,,,,,,,,,,,,,,,,,,,,,,,0,KITCHEN,1 pcs = 65 ml,5,,,
224,Sauce Cup,KEMASAN,,,pack,,,,,,,,,,,,,3,,,,,,,,,,,,,,,,,,,,,,,,,,,,,,,,,,,,0,KITCHEN,,25,,,
225,Saus bangkok indofood 335 ml,KERING,,botol,botol,,,,,,,,,,,,,,,,,,,,,,,,,,,3,8,,,,,,,,,,,,,,,,,,,,,0,KITCHEN,,3,,,
226,"Saus Sambal delmonte 5,5 kg",KERING,,pcs,jerigen,3,,,,,,,,,,,,,,,3,,,,,,,,,,,,4,,,,,,,,,,,,,,,,,,,,,4,BAR,,24,Saus Chili,,
227,Saus Sambal delmonte sachet,,,pcs,pack,29,,,,,,,,,,,,,,,,,,,,,,,,,,5,16,,,,,,,,,,,,,,,,,,,,,29,,,,,,
228,"Saus Tomat delmonte 5,5 kg",KERING,,pcs,jerigen,3,,,,,17100,,,,,,,,,,,,,,,,,,,,,,,4,,,,,2,,,,,,,,,,,,,,,17103,BAR,,24,,,
229,Saus Tomat delmonte sachet,,,pcs,pack,12,,,,,,,,,,,,,,,,,,,,,,,,,,,7,,,,,,,,,,,,,,,,,,,,,12,,,,,,
230,Sarada Saus,,,,,,,,,,,,,,,,,,,,,,,,,,,,,,,,,,,,,,,,,,,,,,,,,,,,,0,,,,,,
231,Sawi Hijau,BASAH,,gr,gr,,,,,,,,,,,,,,,,,,,,,,,,,,,,,,,,,,500,,,,,,,,,,,,,,,0,KITCHEN,,200,Caisim,,
232,Sea Salt ,,,gr,,,,,,,,,,,,,,,,,,,,,,,,,,,,,,,,,,,,,,,,,,,,,,,,,,0,,,,,,
233,Selada,BASAH,,gr,,,,,,,,,,,,,,,,,,,,,,,,,,,,,,,,,,,,,,,,,,,,,,,,,,0,KITCHEN,,200,,,
234,Selasih,,,gr,,,,,,,,,,,,,,,,,,,,,,,,,,,,,2,,,,,,,,,,,,,,,,,,,,,0,,,,,,
235,Seledri,BASAH,,,gr,,,,,,,,,,,,,,,,,,,,,,,,,,,,,,,,,,500,,,,,,,,,,,,,,,0,KITCHEN,,100,,,
236,Spork Plastik (plus tissue + tusuk gigi),KEMASAN,,pcs,pcs,1700,,,,,,,,,,,,,,,,,,,,,2000,,,,,,,3000,,,,,,,,,,,,,,,,,,,,1700,BAR,,100,,,
237,Sendok Garpu Plastik (tissue + tusuk gigi),,,,pcs,300,,,,,,,,,,,,,,,,,,,,,,,,,,,,2000,,,,,,,,,,,,,,,,,,,,300,,,,,,
238,Sendok teh plastik uno hiji 100 pcs,,,,pack,1700,,,,,,,,,,,,,,,,,,,,,,,,,,,10,,,,,,2,,,,,,,,,,,,,,,1700,,,,,,
239,Sendok plastik kecil 500 pcs,,,pcs,,1264,,,,,,,,,,,,,,,,,,,,,,,,,,,,,,,,,,,,,,,,,,,,,,,,1264,,,,,,
240,Sereh,KERING,,,,,,,,,,,,,,,,,,,,,,,,,,,,,,,,,,,,,,,,,,,,,,,,,,,,0,KITCHEN,,100,,,
241,Shine Road 1L,DAIRY,,ml,pcs,3000,,,,,,,,,,,,2,,,,,,,,4,,,,,,,4,,,,,,,,,,,,,,,12,,,,,,3000,BAR,,1000,,,
242,Smoked Beef bernardy 500 gr,KERING,,gr,pcs,3500,,,,,7500,,,,,,,4,,,10,,,,,1,,,,,,,20,,,,,,,,,,,,,,,,,,,,,11000,KITCHEN,,500,,,
243,Smoked Hickory,KERING,,gr,,,,,,,,,,,,,,,,,,,,,,,,,,,,,,,,,,,,,,,,,,,,,,,,,,0,KITCHEN,,1,,,
244,"Soklin biomatic 1,45 L",,,,pack,6,,,,,,,,,,,,,,,,,,,,,,,,,,,,,,,,,,,,,,,,,,,,,,,,6,,,,,,
245,Sosis bratwurst bernardy 900gr/11pcs,KERING,,pcs,pack,8100,,,,,4500,,,,,,,,,,,,,,,2,,,,,,2,11,,,,,,,,,,,,,,,,,,,,,12600,KITCHEN,,100,Sosis,,
246,Sosis Dilamo 500 gr ,,,gr,pack,1500,,,,,,,,,,,,,,,,,,,,1,,,,,,,8,,,,,,,,,,,,,,,,,,,,,1500,,1 pack = 500 gr,,,,
247,Spaghetti Lafonte 1 kg,KERING,,,pack,13,,,,,10,,,,,,,,,,,,,,,,,,,,,,,,,,,,2,18,,,,,,,,,,,,,,23,KITCHEN,,4,,,
248,Spons Busa Scotch-Brite ,,,,pcs,50,,,,,,,,,,,,,,,,,,,,,,,,,,,5,,,,,,,,,,,,,,,,,,,,,5,,,,,,
249,Spons Jaring,,,,pcs,17,,,,,,,,,,,,,,,,,,,,,,,,,,,46,,,,,,,,,,,,,,,,,,,,,46,,,,,,
250,Spons kawat 3 pcs,,,,pack,27,,,,,,,,,,,,,,,,,,,,,,,,,,,2,,,,,,,,,,,,,,,,,,,,,2,,1 pack = 3 pcs,,,,
251,Star Anise,KERING,,,gr,,,,,,,,,,,,,,,,,,,,,,,,,,,200,,,,,,,,,,,,,,,,,,,,,,0,KITCHEN,,250,,,
252,Stella Refill matic 225 ml,,,,pcs,5,,,,,,,,,,,,,,,,,,,,,,,,,,,1,,,,,,,,,,,,,,,,,,,,,1,,,,,,
253,Sugar Stevia,KERING,,pcs,,,,,,,,,,,,,,,,,,,,,,,,,,,,,,,,,,,,,,,,,,,,,,,,,,0,BAR,,25,,,
254,Stirrer Medium uk 17 cm ,KEMASAN,,pcs,pack,2800,,,,,,,,,,,,,,,,,,,,,,,,,,,3,,,,,,,,,,,,,,,,,,,,,2800,BAR,,200,,,
255,Stirrer / sedotan panas uk.12,,,pcs,pack,4300,,,,,,,,,,,,,,,,,,,,,,,,,,,11,,,,,,,,,,,,,,,,,,,,,4300,,,,,,
256,Stirrer,,,gr,,,,,,,,,,,,,,,,,,,,,,,,,,,,,,,,,,,,,,,,,,,,,,,,,,0,,,,,,
257,Sedotan Higienis Putih,KEMASAN,,pcs,,,,,,,,,,,,,,,,,,,,,,,,,,,,,2,,,,,,,,,,,,,,,,,,,,,0,BAR,,500,,,
258,White Sugar Stick 40pcs,KERING,,pcs,pack,23,,,,,,,,,,,,3,,,,,,,,,,,,,,,17,,,,,,,,,,,,,,,,,,,,,23,BAR,,48,,,
259,Sumpit Ion,KEMASAN,,pcs,pack,,,,,,,,,,,,,,,,,,,,,,,,,,,,27,,,,,,,,,,,,,,,,,,,,,0,BAR,1 pack = 50 pcs,50,,,
260,Sunquick Orange 700 ML,KERING,,ml,botol,2800,,,,,,,,,,,,,,,,,,,,,,,,,,1,6,,,,,,2,,,,,,,,,,,,,,,2800,BAR,,700,,,
261,Sunquick Orange 300 ML,,,ml,,,,,,,,,,,,,,2,,,,,,,,,,,,,,,,,,,,,,,,,,,,,,,,,,,,0,,,,,,
262,Sunquick mango 700 ml,,,,ml,11200,,,,,,,,,,,,,,,,,,,,,,,,,,,,,,,,,,,,,,,,,,,,,,,,11200,,,,,,
,Super Pell 500ml,,,,,,,,,,,,,,,,,,,,,,,,,,,,,,,,,,,,,,,,,,,,,,,,,,,,,7,,,,,,
263,Super Pell 770ml,CHEMICAL,,ml,pcs,,,,,,,,,,,,,2,,,,,,,,,,,,,,,6,,,,,,,,,,,,,,,,,,,,,6,BAR,,400,,,
264,Super Sol 750 ml,,,,pack,4500,,,,,,,,,,,,,,,,,,,,,,,,,,,,,,,,,2,,,,,,,,,,,,,,,4500,,,,,,
265,Susu Diamond Fresh Milk Plain - 946ml,,,,ml,24000,,,,,,,,,,,,,,,,,,,,,,,,,,,,,,,,,,,,,,,,,,,,,,,,24000,,,,,,
266,Syrup Butterscotch Denali 750ml,KERING,,gr,botol,1500,,,,,,,,,,,,,,,,,,,,2,,,,,,,16,,,,,,1,,,,,,,,,,,,,,,1500,BAR,,750,Butterscotch Syrup,,
267,Syrup Caramel Monin 1L,KERING,,gr,botol,4000,,,,,,,,,,,,,,,6,,,,,2,,,,,,,6,,,,,,,,,,,,,,,,,,,,,4000,BAR,,1000,Caramel Syrup,,
268,Syrup Coconut Masterista 850ml,KERING,,gr,botol,3400,,,,,,,,,,,,,,,,,,,,,,,,,,,3,,,,,,2,,,,,,,,,,,,,,,3400,BAR,,850,Coconut Syrup,,
269,Syrup Hazelnut Monin 1L,KERING,,gr,botol,5000,,,,,,,,,,,,,,,,,,,,,,,,,,,5,,,,,,,,,,,,,,,,,,,,,5000,BAR,,750,Hazelnut Syrup,,
270,Syrup Hazelnut Denali 750ml,,,,botol,3000,,,,,,,,,,,,,,,,,,,,,,,,,,,1,,,5,,,2,,,,,,,,,,,,,,,3000,,,,,,
271,Syrup Lemon Rantcho Monin 700ml,KERING,,gr,botol,3500,,,,,,,,,,,,1,,,,,,,,,6,,,,,2,7,,,,,,1,,,,,,,,,,,,,,,3500,BAR,,1500,Sirup Rantcho,,
272,Syrup Lychee Monin 1L,KERING,,gr,botol,5000,,,,,,,,,,,,,,,6,,,,,1,,,,,,,6,,,,,,1,,,,,,,,,,,,,,,5000,BAR,,1000,,,
273,Syrup Peach Monin 1L,KERING,,gr,botol,5000,,,,,,,,,,,,,,,,,,,,,,,,,,,1,,,,,,2,,,,,,,,,,,,,,,5000,BAR,,1000,Peach Syrup,,
274,Syrup Pineapple Masterista 850ml,KERING,,gr,botol,2550,,,,,,,,,,,,,,,,,,,,,6,,,,,,6,,,,,,2,,,,,,,,,,,,,,,2550,BAR,,1700,Pineapple Syrup,,
275,Syrup Pistachio Masterista 850ml,KERING,,gr,botol,5100,,,,,,,,,,,,,,,,,,,,,,,,,,,4,,,,,,,,,,,,,,,,,,,,,5100,BAR,,850,Pistachio Syrup,,
276,Syrup Raspberry Masterista 850ml,KERING,,gr,botol,6800,,,,,,,,,,,,,,,,,,,,,,,,,,,8,,,,,,,,,,,,,,,,,,,,,6800,BAR,,850,Raspberry Syrup,,
277,Syrup Rose Masterista 850ml,KERING,,gr,botol,2550,,,,,,,,,,,,,,,,,,,,,,,,,,,2,,,,,,,,,,,,,,,,,,,,,2550,BAR,,850,Rose Syrup & Sirup Rose,,
278,Syrup Strawberry Monin 1L,KERING,,gr,botol,8000,,,,,,,,,,,,,,,6,,,,,5,,,,,,,3,,,,,,2,,,,,,,,,,,,,,,8000,BAR,,2000,Strawberry Syrup,,
279,Syrup Vanilla Monin 1L,KERING,,gr,botol,4000,,,,,,,,,,,,,,,,,,,,,,,,,,,4,,,,,,,,,,,,,,,,,,,,,4000,,,,,,
280,Syrup Wild Mint 1L,KERING,,gr,botol,4000,,,,,,,,,,,,,,,,,,,,,,,,,,,4,,,,,,,,,,,,,,,,,,,,,4000,,,,,,
281,Tahu Sutera,BASAH,,pcs,pcs,,,,,,,,,,,,,,,,,,2,,,,,,,,,20,,,,,,,,,,,,,,,,,,,,,,0,KITCHEN,,,,,
282,Tatura Cream Cheese 2kg,,,,pack,4000,,,,,,,,,,,,,,,,,,,,,,,,,,,1,6,,,,,6,,,,,,,,,6,,,,,,4000,,,,,,
283,Sendok Teh Plastik Tip Top,KEMASAN,,pcs,,,,,,,,,,,,,,,,,,,,,,,,,,,,,3,,,,,,,,,,,,,,,,,,,,,0,BAR,,100,,,
284,Teh Bubuk Cap Botol 80 gr,KERING,,gr,gr,1920,,,,,,,,,,,,,,,,,,,,,,,,,,,10,,,,,,,,,,,,,,,,,,,,,1920,BAR,,400,Teh Cap Botol,,
285,Teh Bubuk Goal Para 250 gr,KERING,,gr,pack,9500,,,,,,,,,,,,,,,,,,,,,,,,,,1,25,,,,,,2,,,,,,,,,,,,,,,9500,BAR,,250,Teh Goalpara,,
286,Teh Tong Tji Bubuk,KERING,,gr,pack,2000,,,,,,,,,,,,5,,,,,,,,,,,,,,5,35,,,,,,,,,,,,,,,,,,,,,2000,BAR,,400,,,
287,Telur Ayam,KERING,,pcs,kg,,,,,,,,,,,,,,,,,,45,,,48,,,,,,5,,,,,,,4,,,,,,,,,,,,,,,0,KITCHEN,,5000,Telur Utuh,,
288,Tender,KERING,,,pack,,,,,,,,,,,,,,,,,,,,,,,,,,,10,,,,,,,3,,,,,,,,,,,,,,,0,KITCHEN,,5000,,,
289,Tepung Cakra Kembar 1 kg,,,,pack,44000,,,,,,,,,,,,,,,4,,48,,,36,,,,,,,32,,,,,,,24,,,,,,,,,,,,,,44000,,,,,,
290,Tepung Kulit Gandum Golden Eagle 1 kg,,,,pack,1,,,,,3000,,,,,,,1,,,,,,,,,,,,,,,,,,,,,,,,,,,,,,,,,,,,3001,,,,,,
291,Tepung Maizena Maizenaku 1 kg,KERING,,gr,gr,4000,,,,,,,,,,,,,,,,,,,,,,,,,,,4,,,,,,,,,,,,,,,,,,,,,4000,KITCHEN,,250,,,
292,Tepung Mocaf 500 gr,,,,gr,2500,,,,,,,,,,,,,,,,,,,,,,,,,,,5,,,,,,,,,,,,,,,,,,,,,2500,,,,,,
293,Tepung Roti Mamasuka 1 kg ,,,,gr,7000,,,,,,,,,,,,,,,,,,,,,,,,,,,,,,,,,,,,,,,,,,,,,,,,7000,,,,,,
294,Tepung Tapioka Captani 1 kg,,,,pack,,,,,,,,,,,,,,,,,,,,,,,,,,,,17,,,,,,3,,,,,,,,,,,,,,,0,,,,,,
295,Tepung Terigu Segitiga Biru 1kg,KERING,,gr,pack,8000,,,,,,,,,,,,,,,1,,,,,2,,,,,,,11,,,,,,,,,,,,,,,,,,,,,8000,KITCHEN,,1000,,,
296,Thai Tea Chatramue 400gr/pack,KERING,,gr,gr,1200,,,,,,,,,,,,,,,,,,,,,,,,,,,,,,,,,,3,,,,,,,,,,,,,,1200,BAR,,400,Thai Tea Based,,
297,Thermal Paper Kecil,,,pcs,pack,,,,,,,,,,,,,,,,,,,,,3,,,,,,,4,,,,,,2,,,,,,,,,,,,,,,0,,,,,,
298,Thermal Paper Besar,KEMASAN,,pcs,dus,,,,,,,,,,,,,,50,,,,,,,1,,,,,,,,,,,,,,,,,,,,,,,,,,,,0,KITCHEN,,25,,,
299,Thinwall Besar 750 ml 25 pcs,KEMASAN,,,pack,125,,,,,,,,,,,,1,,,,,,,,,,,,,,2,17,,,,,,3,,,,,,,,,,,,,,,125,KITCHEN,,1,,,
300,Thinwall Kecil 300 ml 25 pcs,KEMASAN,,,pack,175,,,,,,,,,,,,2,,,,,,,,,,,,,,,13,,,,,,2,,,,,,,,,,,,,,,175,KITCHEN,,1,,,
301,Timun,BASAH,,gr,gr,,,,,,,,,,,,,,,,,,250,,,,,,,,,,,,,,,,500,,,,,,,,,,,,,,,0,KITCHEN,,250,,,
302,Tissue Cuci Tangan uk.20 x 20 cm,,,,pack,5,,,,,,,,,,,,,,,,,,,,,,,,,,10,,,,,,,,,,,,,,,,,,,,,,5,,,,,,
303,Tissue Dapur - roll,KERING,,roll,dus,6,,,,,,,,,,,,,,,,,,,,,,,,,,,,,,,,,1,,,,,,,,,,,,,,,6,KITCHEN,,5,,,
304,Tissue Meja uk. 9 x 10 cm,,,pack,dus,174,,,,,,,,,,,,,,,,,,,,,,,,,,1,,,,,,,,,,,,,,,,,,,,,,174,,,,,,
305,Tissue Wajah 1000 gr 20x18cm,,,,pack,10,,,,,,,,,,,,,,,,,,,,,,,,,,,,,,,,,,,,,,,,,,,,,,,,10,,,,,,
306,Tissue Wajah 250gr uk.20 x 18 cm,,,,pack,3,,,,,,,,,,,,,,,,,,,,,,,,,,,,,,,,,,,,,,,,,,,,,,,,3,,,,,,
307,Tomat Fresh,BASAH,,gr,gr,,,,,,,,,,,,,,,,,,250,,,,,,,,,,,,,,,,500,,,,,,,,,,,,,,,0,KITCHEN,,500,,,
308,Tomat Ceri Fresh 1 kg,BASAH,,gr,,,,,,,,,,,,,,,,,,,,,,,,,,,,,,,,,,,,,,,,,,,,,,,,,,0,KITCHEN,,100,,,
309,"Saos Cabe Delmonte Jerigen 5,5 kg",KERING,,,Kompan,,,,,,,,,,,,,,,,,,,,,1,,,,,,,,,,,,,,,,,,,,,,,,,,,,0,KITCHEN,,5500,,,
310,Trash Bag Jumbo 80 x 120,KEMASAN,,pack,pack,18,,,,,,,,,,,,2,,,,,,,,7,,,,,,7,10,,,,,,,,,,,,,,,,,,,,,18,,,,,,
311,Torch gas,KERING,,,,,,,,,,,,,,,,,,,,,,,,,,,,,,,,,,,,,,,,,,,,,,,,,,,,0,KITCHEN,,1,,,
312,"Tuna Chunk Oil SunBell 1,8 kg",,,,kaleng,3,,,,,3,,,,,,,1,,,,,,,,,,,,,,,3,,,,,,1,,,,,,,,,,,,,,,6,,,,,,
313,Tusuk gigi,,,pcs,pack,16,,,,,,,,,,,,,,,,,,,,,,,,,,,31,,,,,,,,,,,,,,,,,,,,,16,BAR,,,,,
314,Vixal 360 gr,,,,botol,3,,,,,,,,,,,,,,,,,,,,,,,,,,,1,,,,,,2,,,,,,,,,,,,,,,1,,,,,,
315,"Wedges mc cain 2,27 kg",KERING,,,pack,9080,,,,,,,,,,,,,,,,,,,,,,,,,,,8,,,,,,1,,,,,,,,,,,,,,,9080,KITCHEN,,45400,,,
316,Whey Protein 800gr,KERING,,gr,,,,,,,,,,,,,,,,,,,,,,,,,,,,,,,,,,,,,,,,,,,,,,,,,,0,,,,,,
317,Wijen 70gr,KERING,,gr,,,,,,,,,,,,,,,,,,,,,,,,,,,,,,,,,,,,,,,,,,,,,,,,,,0,KITCHEN,,20,,,
318,Wortel,BASAH,,,Kg,,,,,,,,,,,,,,,,,,,,,,,,,,,,,,,,,,3,,,,,,,,,,,,,,,0,KITCHEN,,500,,,
319,Yakult 65ml,DAIRY,,pcs,pcs,,,,,,,,,,,,,2,,,,,,,,,,,,,,,,,,,,,25,,,,,,,,,,,,,,,0,BAR,,15,,,
320,Zip Lock Besar,KEMASAN,,,,,,,,,,,,,,,,,,,,,,,,,,,,,,,,,,,,,,,,,,,,,,,,,,,,0,KITCHEN,,1,,,
321,Zip Lock Kecil,KEMASAN,,,,,,,,,,,,,,,,,,,,,,,,,,,,,,,,,,,,,,,,,,,,,,,,,,,,0,KITCHEN,,1,7x 10 cm,,
322,Zoda 24 botol,KERING,,botol,botol,72,,,,,,,,,,,,24,,,120,,,,,24,,,,,,,12,,,,,,,,,,,,,,,,,,,,,72,BAR,,10,,,
323,Tiparos Fish Sauce 700 ML,,,,,,,,,,700,,,,,,,,,,,,,,,,,,,,,,,,,,,,,,,,,,,,,,,,,,,,,,,,,
324,Palm Sugar Dilco 1000 ML,,,,botol,,,,,,25000,,,,,,,,,,,,,,,,,,,,,,,,,,,,,,,,,,,,,,,,,,,,,,,,,
325,Prochiz Premium Cheddar Slice 160 g,,,,pack,,,,,,1600,,,,,,,,,,,,,,,,,,,,,,,20,,,,,10,,,,,,,,,,,,,,,,,,,,,
326,Jays Sesame Seed Toasted 70 g,,,,,,,,,,350,,,,,,,,,,,,,,,,,,,,,,3,,,,,,,,,,,,,,,,,,,,,,,,,,,
327,Strawberry Fresh Grade B,,,,kg,,,,,,,,,,2000,,,,,,,,,,,2,,,,,,1,,,,,,,1,,,,,,,,,,,,,,,,,,,,,
328,Strawberry Fresh Grade C,,,,,,,,,,,,,,2000,,,,,,,,,,,,,,,,,,,,,,,,,,,,,,,,,,,,,,,,,,,,,
329,Box Nasi Oren,,,,,,,,,,,,,,,,,,,,,,2000,,,,,,,,,,,,,,,,,,,,,,,,,,,,,,,,,,,,,
330,Alas Kue Tiramisu Gold,,,,pack,,,,,,,,,,,,,,,,2,,,,,1,,,,,,,,,,,,,,,,,,,,,,,,,,,,,,,,,,
331,"Detergen Cair Gentle Gen 1,5 kg",,,,pouch,,,,,,,,,,,,,,,,2,,,,,,,,,,,2,14,,,,,,,,,,,,,,,,,,,,,10,,,,,,
332,Botol Gemoy 250 ml,,,,,,,,,,,,,,,,,,,,,,,,200,,,,,,,,,,,,,,,,,,,,,,,,,,,,,,,,,,,
333,Hansaplast,,,,,,,,,,,,,,,,,,,,,,,,,1,,,,,,,1,,,,,,,,,,,,,,,,,,,,,,,,,,,
334,Kresek Tulip Putih 26,,,gr,pack,,,,,,,,,,,,,,,,10,,,,,5,,,,,,,,,,,,,,,,,,,,,,,,,,,,,,,,,,
335,Mentega Anchor Bakers Mix Butter,,,,kg,,,,,,,,,,,,,,,,,,5,,,5,,,,,,,,6,,,,,6,,,,,,,,,,,,,,,,,,,,,
336,Mika roll 10 cm,,,,roll,,,,,,,,,,,,,,,,1,,,,,1,,,,,,,,,,,,,,,,,,,,,,,,,,,,,,,,,,
337,Plastik AA 10x20 cm bening,,,,pack,,,,,,,,,,,,,,,,4,,,,,,,,,,,2,14,,,,,,,,,,,,,,,,,,,,,,,,,,,
338,Trash Bag Sedang uk.30 Pelita,,,,pack,,,,,,,,,,,,,,,,10,,,,,,,,,,,,,,,,,,,10,,,,,,,,,,,,,,,,,,,,
339,Tray Nasi Box 20x20 Putih,,,,pack,,,,,,,,,,,,,,,,,,1500,,,,,,,,,,,,,,,,,,,,,,,,,,,,,,,,,,,,,
340,Tissue Meja Livi 150s,,,,dus,,,,,,,,,,,,,,,,1,,,,,1,,,,,,,,,,,,,,,,,,,,,,,,,,,,,,,,,,
341,Frozen Blueberry 500 gr,,,,pack,,,,,,,,,,,,,,,,,,,,,1,,,,,,,,,,,,,,,,,,,,,,,,,,,,,,,,,,
342,Beras 5 kg,,,,karung,,,,,,,,,,,,,,,,,,,,,1,,,,,,,1,,,,,,,,,,,,,,,,,,,,,,,,,,,
343,Kikoman Fish Sauce,,,,botol,,,,,,,,,,,,,1,,,,,,,,,,,,,,,,,,,,,,,,,,,,,,,,,,,,,,,,,,
344,Kerupuk Rambak,,,,pcs,,,,,,,,,,,,,,,,,,,,,,,,2,,,,,,,,,,14,,,,,,,,,3,,,,,,,,,,,,
345,Cocktail Shaker Stainless 750 mL,,,,pcs,,,,,,,,,,,,,,,,,,,,,,1,,,,,,,,,,,,1,,,,,,,,,,,,,,,,,,,,,
346,Squeezed Dispenser 32 oz,,,,pcs,,,,,,,,,,,,,,,,,,,,,,2,,,,,1,,,,,,,,,,,,,,,,,,,,,,,,,,,,
347,Spork Candi 2in1,,,,pcs,,,,,,,,,,,,,,,,,,,,,,3000,,,,,,,,,,,,,,,,,,,,,,,,,,,,,,,,,
348,Box Nasi Polos - Warna Putih,,,,pcs,,,,,,,,,,,,,,,,,,,,,,,,,,,2000,,,,,,,1000,,,,,,,,,,,,,,,,,,,,,
349,Kecap Manis Anggur 600 mL - botol kaca,,,,botol,,,,,,,,,,,,,,,,,,,,,,,,,,,1,7,,,,,,,12,,,,,,,,,,,,,,,,,,,,
350,Nata de Coco,,,,pcs,,,,,,,,,,,,,,,,,,,,,,,,,,6,,1,,,,,,5,,,,,,,,,,,,,,,,,,,,,
351,Paper Wrap 20 x 20,,,,,,,,,,,,,,,,,,,,,,,,,,,,,,,,5,,,,,,,,,,,,,,,,,,,,,,,,,,,
352,Plastik HD Buram 15x30 ,,,,,,,,,,,,,,,,,,,,,,,,,,,,,,,,30,,,,,,,,,,,,,,,,,,,,,,,,,,,
353,Kantong plastik semar,,,,,,,,,,,,,,,,,,,,,,,,,,,,,,,,2,,,,,,,,,,,,,,,,,,,,,,,,,,,
354,Kantong plastik kapal terbang ,,,,,,,,,,,,,,,,,,,,,,,,,,,,,,,,4,,,,,,,,,,,,,,,,,,,,,,,,,,,
355,Trash Bag 90x120,,,,,,,,,,,,,,,,,,,,,,,,,,,,,,,,1,,,,,,,,,,,,,,,,,,,,,,,,,,,
356,Tali Segel plastik,,,,,,,,,,,,,,,,,,,,,,,,,,,,,,,,1,,,,,,,,,,,,,,,,,,,,,,,,,,,
357,Pipping Bag Besar,,,,,,,,,,,,,,,,,,,,,,,,,,,,,,,,3,,,,,,,,,,,,,,,5,,,,,,,,,,,,
358,Pipping Bag Kecil,,,,,,,,,,,,,,,,,,,,,,,,,,,,,,,,5,,,,,,,,,,,,,,,,,,,,,,,,,,,
359,Cup Sauce Klir,,,,,,,,,,,,,,,,,,,,,,,,,,,,,,,,5,,,,,,,,,,,,,,,,,,,,,,,,,,,
360,Sendok Plastik Putih Isi 100 ,,,,,,,,,,,,,,,,,,,,,,,,,,,,,,,,2,,,,,,,,,,,,,,,,,,,,,,,,,,,
361,Botol Saus ,,,,,,,,,,,,,,,,,,,,,,,,,,,,,,,,2,,,,,,,,,,,,,,,,,,,,,,,,,,,
362,Butter Gioia,,,,,,,,,,,,,,,,,,,,,,,,,,,,,,,,2,,,,,,,,,,,,,,,,,,,,,,,,,,,
363,Danish Pastry,,,,,,,,,,,,,,,,,,,,,,,,,,,,,,,,2,,,,,,,,,,,,,,,,,,,,,,,,,,,
364,Strawberry frozen,,,,,,,,,,,,,,,,,,,,,,,,,,,,,,,,1,,,,,,,,,,,,,,,,,,,,,,,,,,,
365,Anchor Mozzarella ,,,,,,,,,,,,,,,,,,,,,,,,,,,,,,,,3,,,,,,,,,,,,,,,,,,,,,,,,,,,
366,Cranberry ,,,,,,,,,,,,,,,,,,,,,,,,,,,,,,,,2,,,,,,,,,,,,,,,,,,,,,,,,,,,
367,Super Pel 550ml,,,,pouch,,,,,,,,,,,,,,,,,,,,,,,,,,,,6,,,,,,2,,,,,,,,,,,,,,,,,,,,,
368,Nipis Madu 330 mL,,,,dus,,,,,,,,,,,,,,,,,,,,,,,,,,,,3,,,,,,,,,,,,,,,,,,,,,,,1 dus = 12 pcs,,,,
369,Lada Hitam Bubuk 250 gr,,,,pack,,,,,,,,,,,,,,,,,,,,,,,,,,,,3,,,,,,,,,,,,,,,,,,,,,,,,,,,
370,Lada Putih Bubuk 250 gr,,,,pack,,,,,,,,,,,,,,,,,,,,,,,,,,,,8,,,,,,,,,,,,,,,,,,,,,,,,,,,
371,Coarse Bran Golden Eagle 1 Kg,,,,pack,,,,,,,,,,,,,,,,,,,,,,,,,,,,3,,,,,,,,,,,,,,,,,,,,,,,,,,,
372,Maizena Rose Brand 500 gr,,,,pack,,,,,,,,,,,,,,,,,,,,,,,,,,,,5,,,,,,,,,,,,,,,,,,,,,,,,,,,
373,Tissue Wajah Montis,,,,pack,,,,,,,,,,,,,,,,,,,,,,,,,,,,10,,,,,,,,,,,,,,,,,,,,,,,,,,,
374,Tissue Wajah Livi,,,,pack,,,,,,,,,,,,,,,,,,,,,,,,,,,,3,,,,,,,,,,,,,,,,,,,,,,,,,,,
375,"Minyak Goreng Sovia 1,8L",,,,liter,,,,,,,,,,,,,,,,,,,,,,,,,,,,1,,,,,,,,,,,,,,,,,,,,,,,,,,,
376,Mentega Repack 1 Kg,,,,Kg,,,,,,,,,,,,,,,,,,,,,,,,,,,,2,,,,,,,,,,,,,,,,,,,,,,,,,,,
377,Gelatine Repack 500 gr,,,,pack,,,,,,,,,,,,,,,,,,,,,,,,,,,,2,,,,,,,,,,,,,,,,,,,,,,,,,,,
378,Susu Kental Manis,,,,,,,,,,,,,,,,,,,,,,,,,,,,,,,,2,,,,,,,,,,,,,,,,,,,,,,,,,,,
379,Cabe Kering TW,,,,,,,,,,,,,,,,,,,,,,,,,,,,,,,,8,,,,,,,,,,,,,,,,,,,,,,,,,,,
380,So Klin Softener ,,,,dus,,,,,,,,,,,,,,,,,,,,,,,,,,,,1,,,,,,,,,,,,,,,,,,,,,,,1 dus = 6 pcs,,,,
381,Delmonte Pouch Sambal ,,,,pouch,,,,,,,,,,,,,,,,,,,,,,,,,,,,8,,,,,,,,,,,,,,,,,,,,,,,,,,,
382,Mie Urai ,,,,,,,,,,,,,,,,,,,,,,,,,,,,,,,,10,,,,,,,,,,,,,,,,,,,,,,,,,,,
383,Emping Mini,,,,Kg,,,,,,,,,,,,,,,,,,,,,,,,,,,,1,,,,,,,,,,,,,,,,,,,,,,,,,,,
384,Bumbu Gule Daging Racik,,,,pcs,,,,,,,,,,,,,,,,,,,,,,,,,,,,1,,,,,,,,,,,,,,,,,,,,,,,,,,,
385,Chia Seed 1 Kg,,,,Kg,,,,,,,,,,,,,,,,,,,,,,,,,,,,2,,,,,,,,,,,,,,,,,,,,,,,,,,,
386,Steviol,,,,,,,,,,,,,,,,,,,,,,,,,,,,,,,,8,,,,,,,,,,,,,,,,,,,,,,,,,,,
387,Tong Tji Celup ,,,,pack,,,,,,,,,,,,,,,,,,,,,,,,,,,,14,,,,,,1,,,,,,,,,,,,,,,,,,,,,
388,Bakers Mix Milk Powder,,,,pack,,,,,,,,,,,,,,,,,,,,,,,,,,,,9,,,,,,6,,,,,,,,,,,,,,,,,,,,,
389,Leakproof 90mm (Tutup Hot Medium),,,,,,,,,,,,,,,,,,,,,,,,,,,,,,,,,,,,,,,,,,,,,,,,,,,,,,,,,,,
390,Leakproof 90mm Frost (Tutup Cup Ice),,,,,,,,,,,,,,,,,,,,,,,,,,,,,,,,8,,,,,,,,,,,,,,,,,,,,,,,,,,,
391,Paper Cup 8 oz Polos ,,,,,,,,,,,,,,,,,,,,,,,,,,,,,,,,3,,,,,,5,,,,,,,,,,,,,,,,,,,,,
392,Paper Cup Medium,,,,,,,,,,,,,,,,,,,,,,,,,,,,,,,,14,,,,,,,,,,,,,,,,,,,,,,,,,,,
393,Paper Cup Small,,,,,,,,,,,,,,,,,,,,,,,,,,,,,,,,14,,,,,,,,,,,,,,,,,,,,,,,,,,,
394,Sedotan Biru,,,,,,,,,,,,,,,,,,,,,,,,,,,,,,,,5,,,,,,,,,,,,,,,,,,,,,,,,,,,
395,Sedotan Hitam,,,,,,,,,,,,,,,,,,,,,,,,,,,,,,,,9,,,,,,,,,,,,,,,,,,,,,,,,,,,
396,Paper Box ER,,,,,,,,,,,,,,,,,,,,,,,,,,,,,,,,7,,,,,,,,,,,,,,,,,,,,,,,,,,,
397,Saus sambal bawang cap swan,,,,pack,,,,,,,,,,,,,,,,,,,,,,,,,,,,5,,,,,,5,,,,,,,,,,,,,,,,,,,,,
398,Chocolate Tulip - Filling,,,,Kg,,,,,,,,,,,,,,,,,,,,,,,,,,,,,10,,,,,6,,,,,,,,,,,,,,,,,,,,,
399,Kacang Atom Garuda 16 g,,,,bal,,,,,,,,,,,,,,,,,,,,,,,,,,,,,2,,,,,2,,,,,,,,,,,,,,,,,1 bal = 60 pcs,,,,
400,Gery Chocolatos Dark,,,,dus,,,,,,,,,,,,,,,,,,,,,,,,,,,,,1,,,,,,,,,,,,,,,,,,,,,,,,,,
401,Super Sol Sereh 720 g,,,,dus,,,,,,,,,,,,,,,,,,,,,,,,,,,,,1,,,,,,,,,,,,,,,,,,,,,,1 dus = 12 pcs,,,,
402,Ekonomi EL-900K 380G,,,,dus,,,,,,,,,,,,,,,,,,,,,,,,,,,,,1,,,,,,,,,,,,,,,,,,,,,,1 dus = 12 pcs,,,,
403,Larisst Karbol Sereh 4 L,,,,kompan,,,,,,,,,,,,,,,,,,,,,,,,,,,,,2,,,,,2,,,,,,,,,,,,,,,,,,,,,
404,Gentle Gen Silk Rose 1.5 L,,,,dus,,,,,,,,,,,,,,,,,,,,,,,,,,,,,1,,,,,,,,,,,,,,,,,,,,,,1 dus = 6 pcs,,,,
405,Kresek Tulip Putih 15,,,,pack,,,,,,,,,,,,,,,,,,,,,,,,,,,,,,,10,,,5,,,,,,,,,,,,,,,,,,,,,
406,Kresek Putih 40,,,,pack,,,,,,,,,,,,,,,,,,,,,,,,,,,,,,,20,,,20,,,,,,,,,,,,,,,,,,,,,
407,Kresek Putih 30,,,,pack,,,,,,,,,,,,,,,,,,,,,,,,,,,,,,,20,,,20,,,,,,,,,,,,,,,,,,,,,
408,"Plastik Dollar 50x80x0,03",,,,Kg,,,,,,,,,,,,,,,,,,,,,,,,,,,,,,,2,,,2,,,,,,,,,,,,,,,,,,,,,
409,Sirup Tjampolay rasa Pisang Susu,,,,botol,,,,,,,,,,,,,,,,,,,,,,,,,,,,,,,,,,2,,,,,,,,,,,,,,,,,,,,,
410,Polki spray cleaner greentea,,,,botol,,,,,,,,,,,,,,,,,,,,,,,,,,,,,,,,,,1,,,,,,,,,,,,,,,,,,,,,
411,Sendok plastik bening mini,,,,pack,,,,,,,,,,,,,,,,,,,,,,,,,,,,,,,,,,3,,,,,,,,,,,,,,,,,,,,,
412,Botol saus kosong - uk. 500ml,,,,pcs,,,,,,,,,,,,,,,,,,,,,,,,,,,,,,,,,,1,,,,,,,,,,,,,,,,,,,,,
413,Santan Kara 200ml,,,,dus,,,,,,,,,,,,,,,,,,,,,,,,,,,,,2,,,,,1,,,,,,,,,,,,,,,,,,,,,
414,Lada Putih Butir,,,,gr,,,,,,,,,,,,,,,,,,,,,,,,,,,,,,,,,,500,,,,,,,,,,,,,,,,,,,,,
415,Lada Hitam Butir,,,,gr,,,,,,,,,,,,,,,,,,,,,,,,,,,,,,,,,,500,,,,,,,,,,,,,,,,,,,,,
416,Cup Saos 60ml,,,,pack,,,,,,,,,,,,,,,,,,,,,,,,,,,,,,,,,,3,,,,,,,,,,,,,,,,,,,,,
417,Plastik Buram uk. 10 x 20,,,,pack,,,,,,,,,,,,,,,,,,,,,,,,,,,,,,,,,,20,,,,,,,,,,,,,,,,,,,,,
418,Hand Glove Karet,,,,pack,,,,,,,,,,,,,,,,,,,,,,,,,,,,,,,,,,2,,,,,,,,,,,,,,,,,,,,,
419,Plastik Wrap Fuji 40x25 m,,,,roll,,,,,,,,,,,,,,,,,,,,,,,,,,,,5,,1,,,,1,,,,,,,,,,,,,,,,,,,,,
420,Tahu Kuning ,,,,pcs,,,,,,,,,,,,,,,,,,,,,,,,,,,,,,,,,,30,,,,,,,,,,,,,,,,,,,,,
421,Siticky Notes,,,,pack,,,,,,,,,,,,,,,,,,,,,,,,,,,,,,,,,,1,,,,,,,,,,,,,,,,,,,,,
422,Arabica White Rabbit Espresso 1 KG,,,,pack,,,,,,,,,,,,,,,,,,,,,,,,,,,,,10,,,,,,,,,,,,,,,,,,,,,,,,,,
423,House Blend 050 Flok 1 KG,,,,pack,,,,,,,,,,,,,,,,,,,,,,,,,,,,,20,,,,,,,,,,,,,,,,,,,,,,,,,,
424,Kara Nata de Coco Plain 1 KG,,,,ctn,,,,,,,,,,,,,,,,,,,,,,,,,,,,,1,,,,,,,,,,,,,,,,,,,,,,,,,,
425,"Chocolate Stick Batons Tulip 1,5 kg",,,,pcs,,,,,,,,,,,,,,,,,,,,,,,,,,,,,,,,,,,2,,,,,,,,,,,,,,,,,,,,
,Butter Mix Margarine Anchor,,,,,,,,,,,,,,,,,,,,,,,,,,,,,,,,,,,,,,,,,,,,,,,6,,,,,,,,,,,,